Time,CPU Usage
39998.597960,2.4
39998.597983,0.3
39998.598006,0.5
39998.598029,31.0
39998.598058,50.8
39998.598080,91.4
39998.598128,82.6
39998.598152,85.3
39998.598204,94.8
39998.598205,77.8
39998.598287,99.0
39998.598321,0.5
39998.598326,79.8
39998.598352,90.9
39998.598393,95.1
39998.598428,95.2
39998.598441,91.9
39998.598463,91.7
39998.598491,96.3
39998.598510,91.6
39998.598532,92.6
39998.598566,93.6
39998.598580,90.4
39998.598601,93.2
39998.598626,49.3
39998.598648,0.5
39998.598671,0.2
39998.598694,0.3
39998.598717,0.0
39998.598740,0.3
39998.598774,58.7
39998.598787,79.9
39998.598810,83.9
39998.598833,83.5
39998.598856,82.5
39998.598879,82.5
39998.598902,81.9
39998.598926,82.2
39998.598949,81.7
39998.598972,83.4
39998.598995,81.8
39998.599018,83.5
39998.599041,84.0
39998.599064,83.3
39998.599088,83.5
39998.599111,83.6
39998.599134,83.3
39998.599157,82.9
39998.599180,80.2
39998.599203,83.0
39998.599226,82.2
39998.599250,83.9
39998.599273,83.0
39998.599296,89.6
39998.599319,82.0
39998.599342,84.0
39998.599365,83.3
39998.599388,82.0
39998.599412,84.1
39998.599435,83.2
39998.599458,84.3
39998.599481,89.2
39998.599504,83.8
39998.599527,83.8
39998.599551,83.3
39998.599574,83.7
39998.599597,83.5
39998.599620,83.0
39998.599643,83.7
39998.599666,83.7
39998.599689,83.8
39998.599713,83.7
39998.599736,83.8
39998.599759,83.8
39998.599782,85.9
39998.599805,87.6
39998.599829,83.8
39998.599851,83.0
39998.599875,84.0
39998.599898,83.4
39998.599921,81.2
39998.599944,84.2
39998.599967,82.8
39998.599990,83.5
39998.600014,83.3
39998.600037,81.4
39998.600060,84.1
39998.600083,83.0
39998.600106,83.5
39998.600129,82.9
39998.600152,83.3
39998.600175,83.2
39998.600199,83.2
39998.600222,83.0
39998.600245,83.0
39998.600268,83.2
39998.600291,82.9
39998.600314,82.4
39998.600338,83.2
39998.600361,83.2
39998.600384,83.5
39998.600407,83.1
39998.600430,83.3
39998.600454,83.0
39998.600476,83.0
39998.600500,83.6
39998.600523,82.6
39998.600564,64.2
39998.600569,0.0
39998.600592,0.5
39998.600615,0.3
39998.600638,0.0
39998.600662,0.3
39998.600686,19.6
39998.600713,54.4
39998.600732,95.5
39998.600755,95.5
39998.600778,95.9
39998.600801,96.5
39998.600825,97.0
39998.600847,96.2
39998.600873,96.8
39998.600894,94.9
39998.600917,96.7
39998.600940,95.8
39998.600963,97.4
39998.600987,95.5
39998.601009,95.3
39998.601033,96.0
39998.601056,96.2
39998.601079,98.1
39998.601103,94.9
39998.601125,96.3
39998.601148,96.8
39998.601172,96.3
39998.601195,95.0
39998.601218,94.1
39998.601241,97.2
39998.601264,95.8
39998.601287,95.9
39998.601311,97.3
39998.601333,96.4
39998.601356,95.3
39998.601379,95.9
39998.601402,94.8
39998.601426,89.7
39998.601449,91.1
39998.601472,68.5
39998.601496,91.8
39998.601519,73.2
39998.601548,75.9
39998.601566,93.9
39998.601598,60.1
39998.601611,0.0
39998.601634,0.3
39998.601657,0.2
39998.601680,0.0
39998.601703,0.2
39998.601746,44.6
39998.601750,74.6
39998.601773,84.5
39998.601796,84.5
39998.601819,83.9
39998.601842,84.1
39998.601865,84.0
39998.601888,83.8
39998.601912,84.6
39998.601935,83.8
39998.601958,83.7
39998.601981,84.0
39998.602004,84.0
39998.602027,84.7
39998.602050,83.2
39998.602074,85.1
39998.602097,83.5
39998.602120,84.3
39998.602143,83.9
39998.602166,84.4
39998.602189,83.5
39998.602213,84.0
39998.602236,83.5
39998.602259,84.3
39998.602282,84.0
39998.602305,83.7
39998.602328,83.5
39998.602351,84.1
39998.602375,84.1
39998.602398,83.2
39998.602421,84.5
39998.602444,84.2
39998.602467,84.0
39998.602490,84.2
39998.602513,83.9
39998.602537,84.2
39998.602560,83.7
39998.602583,84.3
39998.602606,84.0
39998.602629,83.6
39998.602652,83.9
39998.602675,83.9
39998.602699,84.0
39998.602722,84.0
39998.602745,83.8
39998.602768,85.0
39998.602791,84.7
39998.602814,84.5
39998.602838,84.5
39998.602861,84.6
39998.602884,84.4
39998.602907,84.4
39998.602930,84.3
39998.602954,82.4
39998.602976,84.1
39998.603000,84.7
39998.603023,84.5
39998.603046,83.9
39998.603069,84.9
39998.603093,84.2
39998.603115,83.7
39998.603138,84.1
39998.603162,84.5
39998.603185,83.8
39998.603208,84.9
39998.603231,84.0
39998.603254,83.0
39998.603277,80.7
39998.603301,80.0
39998.603324,67.1
39998.603347,81.3
39998.603370,84.5
39998.603393,85.2
39998.603416,85.1
39998.603440,84.9
39998.603463,83.1
39998.603496,59.5
39998.603509,0.0
39998.603532,0.3
39998.603555,0.2
39998.603578,0.0
39998.603601,0.3
39998.603645,45.0
39998.603648,78.8
39998.603672,95.2
39998.603695,95.3
39998.603718,96.2
39998.603741,96.2
39998.603764,97.1
39998.603787,96.1
39998.603811,95.7
39998.603833,96.4
39998.603856,96.0
39998.603880,96.2
39998.603905,96.7
39998.603926,95.2
39998.603949,96.4
39998.603973,96.5
39998.603996,96.3
39998.604019,96.3
39998.604044,95.9
39998.604065,96.6
39998.604088,96.7
39998.604111,96.4
39998.604134,96.3
39998.604158,96.0
39998.604181,95.9
39998.604204,96.8
39998.604227,97.0
39998.604250,96.2
39998.604273,95.1
39998.604296,97.1
39998.604319,93.1
39998.604342,84.0
39998.604365,84.3
39998.604388,84.7
39998.604413,50.0
39998.604435,0.0
39998.604458,0.2
39998.604481,0.0
39998.604504,0.3
39998.604527,0.5
39998.604551,60.9
39998.604574,83.6
39998.604597,83.5
39998.604620,81.5
39998.604643,83.9
39998.604666,83.5
39998.604689,83.8
39998.604713,83.3
39998.604736,84.0
39998.604759,83.5
39998.604782,83.5
39998.604805,83.7
39998.604828,84.0
39998.604851,82.8
39998.604875,83.0
39998.604898,83.9
39998.604921,84.0
39998.604944,83.9
39998.604967,83.6
39998.604990,81.9
39998.605013,80.3
39998.605037,84.0
39998.605060,84.0
39998.605083,83.9
39998.605106,83.9
39998.605129,84.0
39998.605152,84.3
39998.605176,84.2
39998.605199,82.5
39998.605222,84.0
39998.605245,83.8
39998.605268,83.8
39998.605291,84.0
39998.605314,84.0
39998.605338,83.8
39998.605361,83.9
39998.605384,84.3
39998.605407,85.9
39998.605430,88.7
39998.605453,83.8
39998.605477,84.0
39998.605500,84.5
39998.605523,84.2
39998.605546,84.4
39998.605569,83.7
39998.605592,84.5
39998.605615,84.5
39998.605639,84.2
39998.605662,84.8
39998.605685,84.3
39998.605708,84.0
39998.605731,84.7
39998.605754,84.7
39998.605777,84.3
39998.605801,84.3
39998.605824,84.7
39998.605847,83.2
39998.605870,83.3
39998.605893,84.4
39998.605916,83.5
39998.605939,84.5
39998.605963,84.5
39998.605986,84.5
39998.606009,84.4
39998.606032,84.0
39998.606055,84.8
39998.606078,84.6
39998.606101,84.2
39998.606125,84.5
39998.606148,84.1
39998.606171,84.2
39998.606194,84.7
39998.606217,84.6
39998.606240,84.3
39998.606263,83.0
39998.606287,84.7
39998.606310,84.7
39998.606333,84.3
39998.606356,84.5
39998.606379,84.3
39998.606403,84.0
39998.606426,83.5
39998.606449,84.3
39998.606472,84.3
39998.606495,84.3
39998.606518,84.9
39998.606541,84.6
39998.606564,85.2
39998.606588,52.7
39998.606611,0.0
39998.606634,0.3
39998.606657,0.0
39998.606680,0.3
39998.606703,13.0
39998.606733,77.4
39998.606750,96.3
39998.606773,97.4
39998.606796,96.4
39998.606820,95.9
39998.606843,97.1
39998.606866,94.1
39998.606889,96.0
39998.606912,97.2
39998.606935,96.3
39998.606958,96.0
39998.606982,96.5
39998.607005,97.0
39998.607028,96.5
39998.607051,97.4
39998.607074,96.0
39998.607098,97.6
39998.607121,96.3
39998.607144,96.7
39998.607167,96.7
39998.607190,96.5
39998.607213,97.0
39998.607236,97.0
39998.607260,96.7
39998.607283,96.6
39998.607305,96.1
39998.607329,96.6
39998.607352,96.3
39998.607376,95.1
39998.607398,96.9
39998.607422,97.0
39998.607445,96.5
39998.607468,97.1
39998.607491,96.8
39998.607514,97.1
39998.607537,96.3
39998.607560,97.5
39998.607583,96.9
39998.607606,88.6
39998.607630,86.9
39998.607653,89.5
39998.607676,88.9
39998.607700,90.0
39998.607722,88.9
39998.607745,33.0
39998.607768,0.0
39998.607791,0.2
39998.607814,0.0
39998.607838,0.5
39998.607868,30.7
39998.607884,80.8
39998.607907,83.3
39998.607930,83.5
39998.607953,83.5
39998.607976,83.5
39998.608000,83.3
39998.608023,82.4
39998.608046,83.6
39998.608069,83.4
39998.608092,83.1
39998.608115,82.7
39998.608139,83.5
39998.608162,83.1
39998.608185,83.7
39998.608208,82.8
39998.608231,83.3
39998.608254,83.5
39998.608277,83.2
39998.608301,83.4
39998.608324,83.3
39998.608347,83.4
39998.608370,81.9
39998.608393,83.5
39998.608416,83.2
39998.608439,83.0
39998.608463,83.5
39998.608486,83.0
39998.608509,83.3
39998.608532,83.4
39998.608555,83.2
39998.608578,83.1
39998.608601,83.2
39998.608625,83.5
39998.608648,83.5
39998.608671,83.0
39998.608694,83.5
39998.608717,82.2
39998.608740,83.2
39998.608764,83.3
39998.608787,83.3
39998.608810,83.0
39998.608833,83.2
39998.608856,83.4
39998.608879,83.0
39998.608902,83.4
39998.608926,83.5
39998.608949,83.4
39998.608972,83.3
39998.608995,83.4
39998.609018,83.6
39998.609041,83.3
39998.609064,82.7
39998.609088,83.7
39998.609111,84.0
39998.609134,83.8
39998.609157,83.5
39998.609180,83.7
39998.609203,84.0
39998.609227,82.3
39998.609250,83.4
39998.609273,84.1
39998.609296,83.3
39998.609319,83.7
39998.609342,84.1
39998.609365,83.2
39998.609389,83.9
39998.609412,82.8
39998.609435,83.6
39998.609458,84.0
39998.609481,83.8
39998.609504,83.9
39998.609527,83.8
39998.609551,83.9
39998.609574,84.4
39998.609597,83.0
39998.609620,84.0
39998.609643,83.9
39998.609666,83.9
39998.609689,83.8
39998.609713,83.6
39998.609736,83.5
39998.609759,82.2
39998.609782,83.4
39998.609805,83.6
39998.609828,83.8
39998.609852,83.9
39998.609875,83.8
39998.609898,83.5
39998.609921,84.2
39998.609951,72.0
39998.609967,0.4
39998.609990,0.3
39998.610014,0.0
39998.610037,0.5
39998.610060,0.2
39998.610083,40.8
39998.610107,94.6
39998.610130,97.1
39998.610153,96.4
39998.610176,96.8
39998.610199,97.1
39998.610222,97.0
39998.610246,96.7
39998.610269,95.1
39998.610292,95.0
39998.610315,94.7
39998.610338,97.1
39998.610361,97.0
39998.610385,96.6
39998.610408,95.4
39998.610431,93.5
39998.610454,96.7
39998.610477,96.1
39998.610500,97.1
39998.610523,96.2
39998.610547,97.3
39998.610570,96.7
39998.610593,96.7
39998.610616,97.0
39998.610639,97.5
39998.610662,96.0
39998.610685,96.9
39998.610709,96.9
39998.610732,93.0
39998.610755,96.7
39998.610778,96.8
39998.610801,97.0
39998.610824,95.4
39998.610848,97.0
39998.610871,96.8
39998.610894,97.3
39998.610917,96.4
39998.610940,97.0
39998.610963,97.6
39998.610986,96.5
39998.611009,96.7
39998.611033,96.2
39998.611055,89.5
39998.611078,86.5
39998.611102,86.7
39998.611125,86.3
39998.611156,73.8
39998.611171,0.4
39998.611194,0.0
39998.611217,0.0
39998.611241,0.3
39998.611264,1.0
39998.611303,47.8
39998.611318,94.7
39998.611342,96.0
39998.611379,99.0
39998.611380,3.0
39998.611411,97.5
39998.611426,94.6
39998.611450,96.2
39998.611478,96.0
39998.611506,97.2
39998.611522,94.4
39998.611542,96.0
39998.611580,78.6
39998.611608,96.3
39998.611611,87.0
39998.611635,96.2
39998.611658,96.6
39998.611705,96.9
39998.611736,96.9
39998.611752,94.8
39998.611788,77.3
39998.611798,95.1
39998.611821,94.6
39998.611845,95.8
39998.611869,96.6
39998.611891,94.5
39998.611914,96.2
39998.611952,96.3
39998.611960,94.1
39998.611984,99.0
39998.612015,74.5
39998.612030,95.2
39998.612053,95.8
39998.612100,97.2
39998.612123,96.2
39998.612149,97.0
39998.612170,95.4
39998.612193,96.0
39998.612216,95.4
39998.612247,75.8
39998.612262,94.7
39998.612285,94.9
39998.612326,97.0
39998.612332,94.0
39998.612355,95.6
39998.612378,96.0
39998.612414,96.6
39998.612424,95.3
39998.612448,97.0
39998.612470,96.6
39998.612504,97.2
39998.612523,95.8
39998.612540,96.2
39998.612563,96.8
39998.612587,94.1
39998.612609,96.9
39998.612633,95.8
39998.612656,96.8
39998.612679,96.5
39998.612702,96.4
39998.612725,96.7
39998.612748,96.5
39998.612772,96.3
39998.612795,96.6
39998.612818,96.6
39998.612841,96.3
39998.612864,96.5
39998.612887,96.8
39998.612911,96.9
39998.612938,49.2
39998.612956,0.3
39998.612979,0.0
39998.613002,0.3
39998.613026,0.0
39998.613049,0.3
39998.613089,51.7
39998.613095,78.5
39998.613118,83.9
39998.613141,82.8
39998.613164,83.1
39998.613188,83.3
39998.613211,82.6
39998.613235,83.3
39998.613257,77.6
39998.613280,82.2
39998.613303,83.1
39998.613326,82.9
39998.613350,81.4
39998.613373,79.8
39998.613396,83.2
39998.613419,82.9
39998.613442,83.3
39998.613467,79.7
39998.613489,81.0
39998.613512,83.3
39998.613535,83.0
39998.613558,82.7
39998.613581,83.2
39998.613604,83.3
39998.613627,82.2
39998.613651,83.1
39998.613674,81.5
39998.613697,78.9
39998.613720,82.9
39998.613743,82.4
39998.613766,83.1
39998.613790,83.2
39998.613813,83.1
39998.613836,83.2
39998.613859,83.1
39998.613882,82.7
39998.613905,83.2
39998.613928,83.3
39998.613951,83.3
39998.613975,82.4
39998.613998,82.7
39998.614021,83.3
39998.614044,82.9
39998.614067,83.2
39998.614090,82.8
39998.614114,83.1
39998.614137,83.0
39998.614160,83.0
39998.614183,83.4
39998.614206,83.2
39998.614229,82.9
39998.614252,83.0
39998.614276,82.7
39998.614299,83.0
39998.614322,81.9
39998.614345,83.3
39998.614369,82.5
39998.614391,82.9
39998.614414,83.3
39998.614438,83.3
39998.614461,83.1
39998.614484,82.9
39998.614507,83.1
39998.614530,83.3
39998.614553,82.9
39998.614576,83.0
39998.614600,82.5
39998.614623,83.0
39998.614646,83.0
39998.614670,82.7
39998.614692,82.2
39998.614715,83.3
39998.614739,82.9
39998.614762,82.9
39998.614785,82.8
39998.614808,83.2
39998.614831,83.3
39998.614854,82.8
39998.614877,83.4
39998.614901,82.4
39998.614924,83.0
39998.614947,83.2
39998.614970,82.8
39998.614993,83.4
39998.615017,83.2
39998.615039,82.1
39998.615063,83.2
39998.615086,82.9
39998.615109,83.3
39998.615132,83.4
39998.615155,83.0
39998.615178,83.0
39998.615201,83.5
39998.615225,83.3
39998.615248,83.4
39998.615271,82.5
39998.615294,83.2
39998.615317,83.4
39998.615340,83.4
39998.615364,83.0
39998.615387,82.1
39998.615410,82.8
39998.615433,83.4
39998.615456,83.1
39998.615479,82.7
39998.615502,83.2
39998.615526,83.0
39998.615549,82.8
39998.615572,83.1
39998.615595,83.1
39998.615618,82.8
39998.615641,83.2
39998.615664,83.0
39998.615688,83.3
39998.615711,82.7
39998.615734,89.3
39998.615757,85.5
39998.615780,82.7
39998.615803,82.9
39998.615827,82.8
39998.615850,83.2
39998.615873,82.7
39998.615896,83.6
39998.615919,82.8
39998.615942,82.9
39998.615965,82.9
39998.615989,82.5
39998.616012,83.0
39998.616035,83.2
39998.616058,82.1
39998.616081,82.2
39998.616104,82.6
39998.616127,83.0
39998.616151,82.6
39998.616174,83.5
39998.616197,83.3
39998.616220,83.3
39998.616243,82.5
39998.616266,83.1
39998.616289,83.2
39998.616313,83.0
39998.616336,83.1
39998.616359,83.3
39998.616382,82.9
39998.616405,83.3
39998.616428,82.0
39998.616451,83.0
39998.616475,83.0
39998.616498,83.4
39998.616521,82.7
39998.616544,83.1
39998.616567,82.9
39998.616590,82.9
39998.616614,83.0
39998.616637,83.3
39998.616660,83.1
39998.616683,82.8
39998.616706,82.9
39998.616729,83.3
39998.616752,82.7
39998.616776,82.3
39998.616799,82.9
39998.616822,83.4
39998.616845,82.8
39998.616868,83.5
39998.616891,83.0
39998.616915,83.0
39998.616938,83.2
39998.616961,82.9
39998.616984,83.3
39998.617007,83.1
39998.617030,83.1
39998.617053,83.0
39998.617077,83.1
39998.617100,83.3
39998.617123,82.5
39998.617146,82.7
39998.617169,83.0
39998.617192,83.2
39998.617215,82.3
39998.617239,80.6
39998.617262,83.0
39998.617285,82.6
39998.617308,83.0
39998.617331,83.2
39998.617354,82.5
39998.617377,82.8
39998.617401,83.0
39998.617424,89.3
39998.617447,85.4
39998.617470,82.3
39998.617494,82.9
39998.617516,82.9
39998.617539,83.0
39998.617563,83.0
39998.617586,82.7
39998.617609,82.9
39998.617632,83.2
39998.617655,82.8
39998.617678,82.8
39998.617702,83.2
39998.617725,83.0
39998.617748,83.4
39998.617771,82.6
39998.617794,83.3
39998.617817,82.0
39998.617840,82.8
39998.617864,83.3
39998.617887,83.0
39998.617910,85.0
39998.617933,80.8
39998.617956,83.5
39998.617979,83.2
39998.618002,82.6
39998.618026,83.0
39998.618049,83.0
39998.618072,82.9
39998.618095,82.8
39998.618118,83.0
39998.618141,83.3
39998.618164,81.8
39998.618188,82.7
39998.618211,83.0
39998.618234,83.3
39998.618257,82.9
39998.618280,83.2
39998.618303,83.0
39998.618327,82.7
39998.618350,82.5
39998.618373,83.2
39998.618396,83.2
39998.618420,85.3
39998.618442,80.5
39998.618465,83.5
39998.618489,83.3
39998.618512,82.5
39998.618535,82.3
39998.618558,83.2
39998.618581,83.5
39998.618604,83.5
39998.618627,83.6
39998.618651,83.8
39998.618674,84.6
39998.618711,74.8
39998.618720,84.8
39998.618743,85.4
39998.618790,78.3
39998.618813,0.7
39998.618836,0.3
39998.618859,0.0
39998.618882,0.2
39998.618905,0.0
39998.618938,59.0
39998.618952,93.8
39998.618975,97.5
39998.618998,95.7
39998.619021,97.0
39998.619045,96.7
39998.619068,96.5
39998.619091,96.3
39998.619114,97.1
39998.619138,96.8
39998.619161,96.5
39998.619184,96.5
39998.619206,95.8
39998.619230,96.5
39998.619253,97.0
39998.619276,96.4
39998.619300,96.5
39998.619323,97.4
39998.619346,96.5
39998.619369,96.5
39998.619392,97.1
39998.619415,96.5
39998.619438,96.8
39998.619462,96.9
39998.619485,96.2
39998.619508,96.6
39998.619531,96.3
39998.619555,95.7
39998.619577,96.4
39998.619600,96.6
39998.619624,96.9
39998.619646,96.8
39998.619670,96.4
39998.619693,96.5
39998.619716,97.2
39998.619739,96.8
39998.619762,96.9
39998.619785,96.9
39998.619809,96.1
39998.619832,96.5
39998.619855,96.7
39998.619879,97.0
39998.619901,95.4
39998.619924,97.0
39998.619948,96.1
39998.619971,97.8
39998.619994,96.3
39998.620017,96.0
39998.620040,96.9
39998.620063,96.4
39998.620086,96.8
39998.620109,96.8
39998.620133,96.9
39998.620156,95.4
39998.620179,96.5
39998.620202,96.0
39998.620225,96.2
39998.620248,96.0
39998.620272,94.6
39998.620295,96.8
39998.620318,96.8
39998.620342,97.4
39998.620364,96.1
39998.620388,96.1
39998.620411,96.5
39998.620434,96.5
39998.620457,97.7
39998.620480,96.0
39998.620503,96.8
39998.620526,97.8
39998.620549,96.0
39998.620572,94.0
39998.620595,92.3
39998.620619,90.2
39998.620642,90.7
39998.620665,87.8
39998.620688,87.3
39998.620712,86.9
39998.620734,87.3
39998.620758,93.5
39998.620780,87.8
39998.620803,87.0
39998.620827,87.2
39998.620850,93.6
39998.620873,89.5
39998.620896,86.9
39998.620920,91.4
39998.620942,91.5
39998.620990,63.2
39998.621012,0.0
39998.621035,0.3
39998.621058,0.0
39998.621081,0.3
39998.621104,0.3
39998.621141,55.6
39998.621151,77.2
39998.621174,83.0
39998.621197,83.0
39998.621220,82.6
39998.621243,83.1
39998.621266,82.5
39998.621290,82.3
39998.621313,82.0
39998.621336,82.6
39998.621359,82.5
39998.621382,82.8
39998.621405,82.6
39998.621428,82.2
39998.621452,82.5
39998.621475,82.3
39998.621498,82.8
39998.621521,82.7
39998.621544,82.1
39998.621567,82.5
39998.621590,82.7
39998.621614,82.9
39998.621637,72.4
39998.621660,81.2
39998.621683,82.7
39998.621706,82.5
39998.621729,82.8
39998.621752,82.5
39998.621776,82.4
39998.621799,82.5
39998.621822,82.8
39998.621845,82.3
39998.621868,82.5
39998.621891,82.5
39998.621915,82.4
39998.621938,82.6
39998.621961,82.6
39998.621984,82.7
39998.622007,81.6
39998.622030,82.5
39998.622053,82.5
39998.622077,82.5
39998.622100,82.5
39998.622123,82.2
39998.622146,82.5
39998.622169,82.5
39998.622192,82.7
39998.622215,82.3
39998.622239,82.3
39998.622262,82.7
39998.622285,82.7
39998.622308,82.5
39998.622331,82.4
39998.622354,81.8
39998.622377,82.4
39998.622401,83.0
39998.622424,82.7
39998.622447,82.2
39998.622470,82.8
39998.622493,82.8
39998.622516,82.6
39998.622540,82.6
39998.622563,82.3
39998.622586,82.4
39998.622609,82.8
39998.622632,82.5
39998.622655,82.3
39998.622678,82.9
39998.622702,81.3
39998.622725,82.5
39998.622748,82.9
39998.622771,82.3
39998.622794,82.5
39998.622817,82.6
39998.622840,82.8
39998.622864,82.3
39998.622887,82.7
39998.622910,82.3
39998.622933,81.7
39998.622956,82.8
39998.622979,82.2
39998.623002,83.0
39998.623026,82.5
39998.623049,81.4
39998.623072,82.5
39998.623095,82.5
39998.623118,82.8
39998.623141,82.4
39998.623165,82.4
39998.623188,82.6
39998.623211,82.5
39998.623234,82.5
39998.623257,82.5
39998.623280,82.4
39998.623304,82.4
39998.623327,82.6
39998.623350,82.9
39998.623373,82.5
39998.623396,81.8
39998.623419,82.7
39998.623442,82.7
39998.623465,82.4
39998.623489,82.7
39998.623512,82.3
39998.623535,82.3
39998.623558,82.8
39998.623581,82.4
39998.623604,82.5
39998.623628,82.2
39998.623651,82.5
39998.623674,82.5
39998.623697,82.8
39998.623720,82.5
39998.623743,81.4
39998.623766,82.5
39998.623790,82.8
39998.623813,82.5
39998.623836,82.5
39998.623859,82.3
39998.623882,82.6
39998.623905,82.4
39998.623928,82.7
39998.623952,82.5
39998.623975,82.6
39998.623998,82.7
39998.624021,82.8
39998.624044,82.5
39998.624067,82.4
39998.624090,81.4
39998.624114,82.6
39998.624137,82.6
39998.624160,82.0
39998.624183,82.5
39998.624206,82.3
39998.624229,82.5
39998.624253,82.5
39998.624276,82.1
39998.624299,82.5
39998.624322,82.0
39998.624345,82.5
39998.624368,82.7
39998.624391,81.8
39998.624415,82.4
39998.624438,81.3
39998.624461,82.4
39998.624484,82.7
39998.624507,82.7
39998.624530,82.3
39998.624553,82.5
39998.624577,82.6
39998.624600,82.4
39998.624623,82.4
39998.624646,82.8
39998.624669,82.8
39998.624692,82.2
39998.624715,82.5
39998.624739,82.6
39998.624762,82.7
39998.624785,81.5
39998.624808,82.4
39998.624831,82.5
39998.624854,82.0
39998.624878,82.7
39998.624901,82.5
39998.624924,82.7
39998.624947,82.4
39998.624970,82.8
39998.624993,82.1
39998.625016,82.7
39998.625040,82.2
39998.625063,83.0
39998.625086,82.5
39998.625109,82.9
39998.625132,81.1
39998.625155,82.7
39998.625178,82.6
39998.625202,82.7
39998.625225,82.5
39998.625248,82.2
39998.625271,82.8
39998.625294,82.8
39998.625317,82.4
39998.625340,82.6
39998.625364,82.3
39998.625387,82.8
39998.625410,82.6
39998.625433,82.8
39998.625456,82.5
39998.625479,82.5
39998.625503,81.7
39998.625526,82.6
39998.625549,82.9
39998.625572,82.7
39998.625595,82.3
39998.625618,82.9
39998.625641,82.8
39998.625665,82.8
39998.625688,82.1
39998.625711,82.4
39998.625734,82.9
39998.625757,82.5
39998.625780,82.9
39998.625803,82.5
39998.625827,82.7
39998.625850,81.8
39998.625873,82.7
39998.625896,82.9
39998.625919,82.0
39998.625942,82.9
39998.625965,82.8
39998.625989,82.7
39998.626012,82.5
39998.626035,82.8
39998.626058,82.5
39998.626081,81.9
39998.626104,83.0
39998.626128,82.3
39998.626151,83.2
39998.626174,82.2
39998.626197,82.1
39998.626220,83.3
39998.626243,83.0
39998.626276,58.8
39998.626290,0.0
39998.626313,0.5
39998.626336,0.0
39998.626359,0.3
39998.626382,0.0
39998.626424,45.3
39998.626429,92.0
39998.626454,95.9
39998.626475,96.1
39998.626498,96.9
39998.626522,96.6
39998.626545,93.0
39998.626568,96.4
39998.626591,97.3
39998.626614,96.2
39998.626638,96.5
39998.626660,96.8
39998.626684,96.4
39998.626706,97.1
39998.626730,96.5
39998.626753,96.6
39998.626776,96.9
39998.626800,96.4
39998.626823,97.0
39998.626846,96.2
39998.626869,97.4
39998.626892,95.3
39998.626915,96.4
39998.626938,97.2
39998.626962,96.4
39998.626985,97.4
39998.627008,95.6
39998.627031,96.9
39998.627054,96.7
39998.627077,97.1
39998.627101,96.1
39998.627124,96.8
39998.627148,95.8
39998.627170,96.8
39998.627194,96.1
39998.627216,96.7
39998.627239,95.5
39998.627262,96.7
39998.627286,96.8
39998.627309,96.3
39998.627332,96.9
39998.627355,96.8
39998.627378,96.8
39998.627401,96.7
39998.627425,96.1
39998.627447,97.7
39998.627471,96.0
39998.627496,97.2
39998.627517,95.8
39998.627540,96.6
39998.627563,96.9
39998.627586,95.7
39998.627610,96.1
39998.627633,96.3
39998.627656,93.6
39998.627679,96.5
39998.627702,96.5
39998.627725,97.0
39998.627749,96.4
39998.627772,96.7
39998.627795,96.4
39998.627818,96.8
39998.627841,96.7
39998.627864,96.3
39998.627887,97.3
39998.627911,96.9
39998.627933,94.8
39998.627956,96.7
39998.627979,95.5
39998.628003,94.5
39998.628026,86.0
39998.628049,83.8
39998.628072,84.3
39998.628095,83.7
39998.628118,84.3
39998.628141,84.0
39998.628165,83.9
39998.628188,84.1
39998.628211,84.1
39998.628234,84.2
39998.628257,84.1
39998.628287,54.9
39998.628303,0.3
39998.628327,0.3
39998.628350,0.3
39998.628373,0.3
39998.628396,0.5
39998.628420,43.3
39998.628442,82.2
39998.628466,83.6
39998.628489,81.2
39998.628512,82.3
39998.628535,83.5
39998.628558,82.1
39998.628581,83.4
39998.628604,82.3
39998.628628,82.4
39998.628651,83.3
39998.628674,83.0
39998.628697,82.8
39998.628720,82.8
39998.628743,83.0
39998.628766,83.4
39998.628790,82.9
39998.628813,82.9
39998.628836,82.7
39998.628859,83.3
39998.628882,83.0
39998.628905,83.0
39998.628929,82.9
39998.628952,80.3
39998.628975,67.2
39998.628998,63.5
39998.629021,83.0
39998.629044,83.0
39998.629067,83.0
39998.629091,83.2
39998.629114,83.0
39998.629137,83.2
39998.629160,82.7
39998.629183,82.8
39998.629206,83.4
39998.629229,82.9
39998.629253,82.7
39998.629276,83.4
39998.629299,82.6
39998.629322,82.8
39998.629345,82.3
39998.629368,83.3
39998.629391,83.1
39998.629415,82.7
39998.629438,82.7
39998.629461,83.3
39998.629484,83.0
39998.629507,83.2
39998.629530,83.3
39998.629554,83.2
39998.629577,82.9
39998.629600,82.8
39998.629623,83.3
39998.629646,82.8
39998.629669,83.0
39998.629692,82.3
39998.629716,82.7
39998.629739,83.5
39998.629762,82.8
39998.629785,83.0
39998.629809,83.3
39998.629831,82.9
39998.629854,82.8
39998.629878,82.6
39998.629901,83.1
39998.629924,82.8
39998.629947,83.4
39998.629970,83.0
39998.629993,82.8
39998.630016,83.0
39998.630040,82.5
39998.630063,82.6
39998.630086,82.9
39998.630109,83.3
39998.630132,83.0
39998.630155,83.4
39998.630179,82.7
39998.630202,83.3
39998.630225,82.9
39998.630248,83.2
39998.630271,87.5
39998.630295,88.0
39998.630317,86.9
39998.630341,83.3
39998.630364,83.2
39998.630387,82.1
39998.630410,83.0
39998.630433,83.4
39998.630456,83.0
39998.630479,83.0
39998.630503,83.3
39998.630526,83.0
39998.630549,83.3
39998.630572,82.9
39998.630595,83.0
39998.630618,83.5
39998.630642,83.0
39998.630665,83.0
39998.630688,83.5
39998.630711,82.8
39998.630734,82.7
39998.630757,82.6
39998.630780,83.2
39998.630804,83.1
39998.630827,83.2
39998.630850,83.0
39998.630873,83.2
39998.630897,83.4
39998.630919,82.7
39998.630942,83.2
39998.630966,83.2
39998.630989,83.3
39998.631012,82.1
39998.631035,83.0
39998.631058,83.0
39998.631081,82.1
39998.631104,82.8
39998.631128,82.6
39998.631151,82.6
39998.631174,82.9
39998.631197,83.3
39998.631220,82.8
39998.631243,83.3
39998.631266,82.1
39998.631290,83.2
39998.631313,83.0
39998.631336,83.1
39998.631359,86.3
39998.631382,87.3
39998.631405,88.1
39998.631429,82.5
39998.631452,82.8
39998.631475,83.2
39998.631498,82.8
39998.631521,83.0
39998.631544,83.3
39998.631567,83.0
39998.631591,82.6
39998.631614,83.6
39998.631637,82.8
39998.631660,83.0
39998.631683,82.8
39998.631706,83.3
39998.631729,82.7
39998.631753,82.8
39998.631776,82.7
39998.631799,82.8
39998.631822,82.9
39998.631845,82.8
39998.631868,83.3
39998.631892,83.3
39998.631915,83.2
39998.631938,82.8
39998.631961,83.3
39998.631984,83.3
39998.632007,83.3
39998.632030,83.2
39998.632054,83.0
39998.632077,83.5
39998.632100,83.5
39998.632123,82.8
39998.632146,83.3
39998.632169,83.5
39998.632192,83.5
39998.632224,70.8
39998.632239,0.0
39998.632262,0.5
39998.632285,0.0
39998.632308,0.0
39998.632331,0.3
39998.632356,37.0
39998.632378,95.6
39998.632402,97.2
39998.632425,96.5
39998.632448,97.0
39998.632471,95.6
39998.632494,96.9
39998.632517,97.0
39998.632540,97.0
39998.632563,96.7
39998.632587,97.5
39998.632610,96.6
39998.632633,96.2
39998.632656,96.0
39998.632679,96.7
39998.632703,97.2
39998.632725,95.7
39998.632748,97.2
39998.632772,96.2
39998.632795,96.6
39998.632818,95.7
39998.632841,97.0
39998.632864,96.5
39998.632888,96.8
39998.632911,97.4
39998.632934,96.8
39998.632957,97.1
39998.632980,96.6
39998.633003,96.9
39998.633026,97.0
39998.633049,97.0
39998.633073,97.0
39998.633096,97.3
39998.633119,96.1
39998.633142,96.7
39998.633165,96.2
39998.633188,96.5
39998.633212,96.4
39998.633235,96.8
39998.633257,97.6
39998.633281,96.8
39998.633304,96.7
39998.633327,96.6
39998.633351,97.1
39998.633374,96.9
39998.633397,96.9
39998.633420,97.1
39998.633443,96.2
39998.633466,97.2
39998.633489,96.9
39998.633513,95.4
39998.633535,96.8
39998.633558,93.9
39998.633581,88.6
39998.633605,88.7
39998.633628,91.1
39998.633651,89.3
39998.633676,90.4
39998.633698,88.0
39998.633720,90.5
39998.633745,90.3
39998.633767,88.5
39998.633790,63.1
39998.633813,0.0
39998.633836,0.3
39998.633859,0.0
39998.633882,0.0
39998.633905,0.5
39998.633929,65.4
39998.633952,83.5
39998.633975,82.8
39998.633998,83.2
39998.634021,83.2
39998.634044,81.8
39998.634067,82.7
39998.634091,82.9
39998.634114,83.0
39998.634137,82.5
39998.634160,83.1
39998.634183,82.8
39998.634206,83.0
39998.634230,82.0
39998.634253,82.9
39998.634276,82.9
39998.634299,82.8
39998.634322,83.0
39998.634345,82.8
39998.634368,82.8
39998.634392,82.9
39998.634415,82.6
39998.634438,83.0
39998.634461,83.0
39998.634484,82.6
39998.634507,82.6
39998.634530,83.1
39998.634554,82.8
39998.634577,81.2
39998.634600,80.3
39998.634623,82.6
39998.634646,82.8
39998.634669,83.0
39998.634692,82.9
39998.634716,82.7
39998.634739,82.7
39998.634762,82.8
39998.634785,83.0
39998.634808,82.5
39998.634831,82.9
39998.634855,82.9
39998.634878,82.7
39998.634901,82.7
39998.634924,81.8
39998.634947,82.8
39998.634970,83.2
39998.634993,82.8
39998.635017,82.7
39998.635040,83.0
39998.635063,82.7
39998.635086,82.3
39998.635109,83.0
39998.635132,83.0
39998.635155,82.5
39998.635179,82.9
39998.635202,83.1
39998.635225,82.6
39998.635248,83.0
39998.635271,81.6
39998.635294,82.8
39998.635317,83.0
39998.635341,83.0
39998.635364,82.9
39998.635387,82.7
39998.635410,83.0
39998.635433,82.2
39998.635456,82.9
39998.635480,82.8
39998.635503,82.9
39998.635526,82.8
39998.635549,82.9
39998.635572,82.8
39998.635595,82.7
39998.635618,82.0
39998.635642,83.1
39998.635665,82.8
39998.635688,82.6
39998.635711,83.0
39998.635734,82.8
39998.635757,82.7
39998.635780,83.1
39998.635804,82.7
39998.635827,82.8
39998.635850,83.1
39998.635873,82.8
39998.635896,82.5
39998.635919,82.6
39998.635942,82.8
39998.635966,81.9
39998.635989,83.0
39998.636012,82.5
39998.636035,82.9
39998.636058,83.2
39998.636081,82.6
39998.636105,82.9
39998.636128,82.4
39998.636151,83.0
39998.636174,83.2
39998.636197,82.8
39998.636220,82.6
39998.636243,82.9
39998.636267,83.2
39998.636290,82.7
39998.636313,82.3
39998.636336,82.5
39998.636359,82.5
39998.636382,83.1
39998.636405,82.8
39998.636429,82.8
39998.636452,82.7
39998.636475,82.6
39998.636498,83.2
39998.636521,82.8
39998.636544,83.1
39998.636568,82.3
39998.636591,82.7
39998.636614,83.0
39998.636637,82.7
39998.636660,82.5
39998.636683,79.5
39998.636706,82.6
39998.636730,83.0
39998.636753,82.5
39998.636776,82.9
39998.636799,82.6
39998.636822,82.3
39998.636845,83.1
39998.636868,82.8
39998.636892,82.5
39998.636915,82.8
39998.636938,82.0
39998.636961,83.1
39998.636984,82.7
39998.637007,82.0
39998.637030,82.8
39998.637054,82.9
39998.637077,83.2
39998.637100,82.8
39998.637123,82.8
39998.637146,82.8
39998.637169,83.2
39998.637193,83.3
39998.637216,82.8
39998.637239,82.8
39998.637262,83.1
39998.637285,83.0
39998.637308,83.0
39998.637331,82.6
39998.637355,82.5
39998.637378,83.2
39998.637401,82.8
39998.637424,83.6
39998.637447,82.8
39998.637470,83.2
39998.637493,83.1
39998.637517,82.9
39998.637540,83.1
39998.637563,83.1
39998.637586,83.2
39998.637609,83.0
39998.637632,83.3
39998.637656,82.8
39998.637679,83.4
39998.637702,82.8
39998.637725,82.8
39998.637748,83.0
39998.637771,83.4
39998.637794,46.8
39998.637818,0.3
39998.637841,0.0
39998.637864,0.3
39998.637887,0.0
39998.637910,18.2
39998.637934,76.9
39998.637958,96.0
39998.637980,96.2
39998.638004,97.2
39998.638026,96.9
39998.638050,95.3
39998.638073,95.7
39998.638096,97.5
39998.638119,94.6
39998.638142,95.5
39998.638166,96.8
39998.638188,96.9
39998.638212,96.2
39998.638235,96.9
39998.638258,97.3
39998.638281,96.8
39998.638304,96.7
39998.638327,97.2
39998.638351,97.5
39998.638373,96.7
39998.638397,95.5
39998.638419,97.2
39998.638443,96.5
39998.638466,97.0
39998.638490,96.6
39998.638512,97.5
39998.638536,96.4
39998.638559,96.8
39998.638582,96.4
39998.638605,97.5
39998.638628,96.5
39998.638652,97.0
39998.638674,96.5
39998.638698,96.6
39998.638721,97.5
39998.638744,96.8
39998.638767,95.7
39998.638790,96.4
39998.638814,97.0
39998.638837,97.1
39998.638860,97.0
39998.638883,96.7
39998.638906,96.8
39998.638929,97.1
39998.638952,97.6
39998.638976,96.6
39998.638999,96.6
39998.639022,97.2
39998.639044,97.1
39998.639068,96.5
39998.639091,97.0
39998.639114,95.7
39998.639137,96.1
39998.639160,93.3
39998.639183,88.3
39998.639206,84.9
39998.639230,85.2
39998.639253,84.3
39998.639276,84.9
39998.639299,85.1
39998.639322,85.0
39998.639345,84.7
39998.639368,85.4
39998.639393,55.4
39998.639415,0.3
39998.639438,0.3
39998.639461,0.0
39998.639484,0.0
39998.639507,0.3
39998.639540,57.3
39998.639554,92.8
39998.639578,91.3
39998.639603,92.3
39998.639623,0.0
